{
  "veriscore_original": {
    "n_records": 300,
    "claims_per_response": 3.8866666666666667,
    "claims_per_sentence": 0.5724104074619538,
    "zero_claim_rate": 0.15666666666666668,
    "total_claims": 1166,
    "total_sentences": 2037
  }
}