{
  "factscore": {
    "n_records": 300,
    "claims_per_response": 40.68666666666667,
    "claims_per_sentence": 5.992145311732941,
    "zero_claim_rate": 0.0,
    "total_claims": 12206,
    "total_sentences": 2037
  },
  "medscore": {
    "n_records": 300,
    "claims_per_response": 14.04,
    "claims_per_sentence": 2.0677466863033875,
    "zero_claim_rate": 0.0,
    "total_claims": 4212,
    "total_sentences": 2037
  },
  "veriscore": {
    "n_records": 300,
    "claims_per_response": 6.94,
    "claims_per_sentence": 1.0220913107511045,
    "zero_claim_rate": 0.0033333333333333335,
    "total_claims": 2082,
    "total_sentences": 2037
  }
}