{
  "factscore": {
    "n_records": 300,
    "claims_per_response": 44.64333333333333,
    "claims_per_sentence": 6.57486499754541,
    "zero_claim_rate": 0.0,
    "total_claims": 13393,
    "total_sentences": 2037
  },
  "medscore": {
    "n_records": 300,
    "claims_per_response": 12.38,
    "claims_per_sentence": 1.8232695139911634,
    "zero_claim_rate": 0.0,
    "total_claims": 3714,
    "total_sentences": 2037
  },
  "veriscore": {
    "n_records": 300,
    "claims_per_response": 5.303333333333334,
    "claims_per_sentence": 0.7810505645557192,
    "zero_claim_rate": 0.07333333333333333,
    "total_claims": 1591,
    "total_sentences": 2037
  }
}