{
  "factscore": {
    "n_records": 300,
    "claims_per_response": 45.56666666666667,
    "claims_per_sentence": 6.710849288168876,
    "zero_claim_rate": 0.0,
    "total_claims": 13670,
    "total_sentences": 2037
  },
  "medscore": {
    "n_records": 300,
    "claims_per_response": 13.123333333333333,
    "claims_per_sentence": 1.932744231713304,
    "zero_claim_rate": 0.0,
    "total_claims": 3937,
    "total_sentences": 2037
  },
  "veriscore": {
    "n_records": 300,
    "claims_per_response": 3.816666666666667,
    "claims_per_sentence": 0.5621011291114384,
    "zero_claim_rate": 0.10666666666666667,
    "total_claims": 1145,
    "total_sentences": 2037
  }
}